{
  "variants": {
    "": 
    [ {"model": "minecraft:block/grass/1"},
      {"model": "minecraft:block/grass/2"},
      {"model": "minecraft:block/grass/3"},
      {"model": "minecraft:block/grass/4"},
      {"model": "minecraft:block/grass/5"},
      {"model": "minecraft:block/grass/6"},
      {"model": "minecraft:block/grass/7"},
      {"model": "minecraft:block/grass/8"},
      {"model": "minecraft:block/grass/9"},
      {"model": "minecraft:block/grass/10"},
      {"model": "minecraft:block/grass/11"},
      {"model": "minecraft:block/grass/12"},
      {"model": "minecraft:block/grass/13"},
      {"model": "minecraft:block/grass/14"},
      {"model": "minecraft:block/grass/15"},
      {"model": "minecraft:block/grass/16"}  
    ]
  }
}